enrollee_id,target,probability
32403,0.0,0.35812637143468584
9858,1.0,0.5559118034142108
31806,1.0,0.7572479974543006
27385,0.0,0.19225785958029967
27724,0.0,0.2038546123871807
217,0.0,0.4666953114534115
21465,1.0,0.8547782123328526
27302,1.0,0.6008857507842094
12994,0.0,0.3582952225282971
16287,1.0,0.8054462819291618
10856,1.0,0.574692301241997
9272,0.0,0.32688996888883404
14249,0.0,0.23417942626101473
24372,0.0,0.1314498767665563
14070,1.0,0.5127153800281138
24914,1.0,0.737565802248421
7865,1.0,0.7939915308468669
7463,0.0,0.36458667273769707
21514,1.0,0.7900057418884583
29033,1.0,0.8150877196277
15359,1.0,0.7339325845627327
16001,0.0,0.16265704317471244
25202,1.0,0.7767920847216628
5058,1.0,0.8000599506472943
23570,0.0,0.29214693278417975
19139,0.0,0.4449987573964475
9548,0.0,0.3051282277320902
8799,1.0,0.7409483672898189
11113,0.0,0.4547400543964726
19437,1.0,0.8448263261130977
394,1.0,0.5975426721114279
7683,1.0,0.5547322456610883
22849,0.0,0.3885112110911294
17189,1.0,0.778486995279214
28610,0.0,0.3253332104044213
25608,0.0,0.31973847905995006
22139,0.0,0.2929182136083769
19644,0.0,0.1850155184770693
18517,1.0,0.7347218181287996
12835,0.0,0.11754971388508834
20178,0.0,0.15356538271703601
25855,1.0,0.5930178558250079
32126,0.0,0.2024524629662035
22753,0.0,0.3167753091595805
18133,1.0,0.7123158491784539
29242,1.0,0.7911116891825847
6312,1.0,0.5260740711485087
113,0.0,0.14229690545296703
14685,0.0,0.43056867571035334
20768,0.0,0.48878209379653387
25906,0.0,0.3499033729900175
20142,0.0,0.28634284078831856
25891,0.0,0.23779554426400487
4742,1.0,0.7229495347622212
2222,0.0,0.27121865963983416
16917,1.0,0.5300509764399992
10493,1.0,0.7511190936688241
10418,0.0,0.3366369047944462
9766,0.0,0.24133993939887582
1361,1.0,0.6662924129679894
19625,0.0,0.22562060404761486
20943,0.0,0.22159397880649545
9561,0.0,0.2596724510338148
4271,0.0,0.3278373937800486
2094,0.0,0.30930679870978317
16931,0.0,0.3531952053844069
27298,1.0,0.7191911191401077
26493,1.0,0.5276369889962124
30745,1.0,0.5603333725081743
21052,1.0,0.5291263134060218
20723,1.0,0.8146330086268343
13539,0.0,0.3287705360286868
3214,0.0,0.19728033188402577
16230,0.0,0.3472046412065112
25300,0.0,0.08673069939280832
24018,1.0,0.7722065779163167
21833,0.0,0.3853046499546556
30632,0.0,0.253082417052001
4334,0.0,0.4670069869983965
22271,1.0,0.5957980645664268
28776,0.0,0.18086204692765978
27769,1.0,0.8207164152048226
25909,0.0,0.17714628070516877
31266,0.0,0.2114337982123444
7973,0.0,0.16026089792617548
30867,1.0,0.7916613855475287
22501,0.0,0.22307220956989643
2539,0.0,0.32047813469225084
26681,0.0,0.23695506378900916
16184,0.0,0.39382950470953104
3852,0.0,0.2088927939313697
1680,0.0,0.3215276657996752
3562,0.0,0.1579828790840167
8488,1.0,0.6419093774497646
8373,0.0,0.18357163537978693
2934,0.0,0.23107808397530857
12919,1.0,0.6011816746932452
4386,1.0,0.7271873830104052
22462,1.0,0.7976753551150207
13988,0.0,0.25952978374802055
21230,0.0,0.36697133619760797
26180,1.0,0.7397423044771416
16658,0.0,0.29556036975493144
10324,0.0,0.18030176068188944
20453,0.0,0.3922967330512741
13485,0.0,0.17672170068494475
33080,0.0,0.3916746006495105
25492,1.0,0.6366572248942564
1319,1.0,0.6086454117414171
19146,1.0,0.566247462965104
29339,0.0,0.18557692972558112
33177,0.0,0.3046291764073284
22143,0.0,0.17850597266129856
22264,0.0,0.47640482406703527
17034,0.0,0.19176733587282954
27002,1.0,0.7508609239672381
21318,0.0,0.1374303868814988
12308,0.0,0.22712780694084775
842,1.0,0.8294151899353811
4926,0.0,0.3858337029779022
3,0.0,0.32372471984451506
19567,1.0,0.775437839703315
12809,0.0,0.167790979624258
22682,0.0,0.33665362151094863
1216,0.0,0.16297363090769085
4417,1.0,0.6394793325635575
24162,1.0,0.8411761764237008
16873,0.0,0.1612314162068764
21920,0.0,0.195160133244537
24230,1.0,0.753744679340297
5189,0.0,0.3851615192392837
24396,0.0,0.2711465821561575
770,0.0,0.36035576884365766
30913,0.0,0.2883642863506839
14566,0.0,0.2877507841162226
15634,0.0,0.1843647636748609
18163,0.0,0.32506938171601907
16673,1.0,0.840153210288425
18805,0.0,0.3490939112579716
15367,1.0,0.7829138131850497
22556,1.0,0.7910554491002095
27439,0.0,0.46022149369638415
18426,1.0,0.7721718456056855
9789,0.0,0.22809223314481109
28172,0.0,0.1614233343205353
9184,0.0,0.17668532851143326
3587,0.0,0.34956543022721703
1167,0.0,0.25278064848197124
1663,0.0,0.4217597720537286
20948,0.0,0.3862607760857607
31594,0.0,0.15556024449023112
27117,1.0,0.68365646674801
678,0.0,0.14577899607854067
1441,1.0,0.6633906892370995
31272,1.0,0.7813122941949355
12443,0.0,0.23266111058643396
32981,0.0,0.3406541760794392
1317,0.0,0.12545149112659534
4601,0.0,0.20767514654933947
30498,0.0,0.3387772482392505
7863,0.0,0.4845743862242613
8744,0.0,0.4378221672082473
14698,0.0,0.1999789481052312
10021,0.0,0.15847386262188498
15253,0.0,0.19532382647851954
18108,0.0,0.23571908428455074
31410,0.0,0.18036524750044727
30532,0.0,0.16863752758968137
31733,1.0,0.5838370980786144
28833,1.0,0.8125536495420742
8708,1.0,0.7781679640942923
10050,0.0,0.28759338890715747
21685,0.0,0.1884745220076705
18529,0.0,0.38091367196141024
1850,0.0,0.3909720053058433
22639,1.0,0.5035765234080392
5967,1.0,0.8168416628941034
20977,0.0,0.15437377198115784
5391,1.0,0.8184040426818087
4398,1.0,0.7551179440294914
18383,1.0,0.7658317914380776
17336,1.0,0.7795519145436297
7470,0.0,0.2412298137916525
24781,1.0,0.6089903152574808
24202,1.0,0.5638748138651142
20650,0.0,0.3544534730469946
5377,0.0,0.10443627321413411
31693,0.0,0.2124642065576252
28619,1.0,0.5538858156006121
15432,0.0,0.1716336510738543
22999,1.0,0.8373542494682841
8377,0.0,0.20124956541022343
9302,0.0,0.4435642198869899
16158,0.0,0.16107776706409702
29575,1.0,0.7819460587429425
16573,0.0,0.2262743695740209
30736,1.0,0.5578322175221615
20612,1.0,0.840356862665264
11976,0.0,0.18490027525201264
28302,0.0,0.21876890628857415
9462,1.0,0.7774527497781348
14512,1.0,0.8159990070774696
8401,0.0,0.24168340411610478
19780,0.0,0.2621941871159014
2594,1.0,0.7324615196136035
1466,0.0,0.22351674573082536
17205,0.0,0.28694580919290497
12990,0.0,0.1751642817142498
4234,0.0,0.22197568110924626
18171,1.0,0.5505144973152835
15457,0.0,0.31121509182251944
23319,1.0,0.801869418235894
10598,0.0,0.12420726370619338
7788,1.0,0.6972717835750908
32021,0.0,0.18943677979471565
23969,0.0,0.23634654204272895
13037,0.0,0.23928749494857815
30196,0.0,0.13506435724263985
19504,1.0,0.8593862593715237
16336,1.0,0.8198693939096192
6048,0.0,0.20171114823823097
6827,1.0,0.7692868813357657
9268,0.0,0.2527559686918177
11169,1.0,0.7857388432200509
31131,0.0,0.2980547041147513
12361,1.0,0.7778334203600159
15165,1.0,0.6524211984064294
27773,0.0,0.29112515340419376
15266,0.0,0.2124460315980561
26289,0.0,0.2545812710008965
32553,0.0,0.3390995235388691
33062,0.0,0.12519636787412214
8818,0.0,0.17643687793774382
15380,1.0,0.8104910521035883
30120,1.0,0.7757686069270734
24317,1.0,0.7742681557134913
412,0.0,0.3097264571280948
30607,0.0,0.448414949350052
8513,0.0,0.4383238832093677
8596,0.0,0.12089811495820849
14539,0.0,0.12632113972389727
20456,1.0,0.7653380861762712
15221,0.0,0.2914314513427697
28968,0.0,0.46334758597758435
21648,0.0,0.10685603573455593
3210,0.0,0.2969140467674136
22118,1.0,0.5611834028285453
5605,0.0,0.4389196180021672
30930,0.0,0.201793667119236
28718,0.0,0.29739670036666427
8141,1.0,0.6489397272994656
3486,0.0,0.19941065277068643
8805,0.0,0.22436940563113267
6602,0.0,0.35671130679124347
14916,0.0,0.3392468206300658
21636,0.0,0.1932588581033053
9047,1.0,0.6176035436632005
6694,0.0,0.23025850698556685
17793,1.0,0.7133402840089583
32857,0.0,0.1499481809672157
26325,1.0,0.7978343162654882
20907,1.0,0.5170453333917419
12617,0.0,0.3492750359874161
24295,0.0,0.17863717277884103
32409,1.0,0.7986240202548942
16713,1.0,0.5794642624565405
4863,1.0,0.7004592478744647
13274,1.0,0.6780008524286607
12462,1.0,0.8367080599121135
8524,0.0,0.148686135425604
21728,0.0,0.14277015835248874
20577,1.0,0.6899565443620446
3407,1.0,0.7934119410698323
27184,0.0,0.3131583001841895
28845,0.0,0.18594845556573794
2851,0.0,0.34950641703933594
485,0.0,0.31507442980111305
7207,0.0,0.10014477562896508
9005,1.0,0.7720782469510894
4532,0.0,0.14953524912292573
23235,0.0,0.19634644948615163
5403,0.0,0.20618348377675155
8232,1.0,0.5905163798018428
40,1.0,0.7507886943142207
8991,1.0,0.7728736000039376
28620,0.0,0.16040895538238306
16355,1.0,0.757295886151959
18340,1.0,0.7721990719663978
5138,1.0,0.7788681220341331
12391,0.0,0.412884585229846
15550,0.0,0.28773199795841664
27155,0.0,0.17185736028651202
19883,0.0,0.3833112642788425
25140,0.0,0.44967532248069325
27463,0.0,0.2036923626835261
23894,1.0,0.7108127564282348
18285,1.0,0.5276246920289502
25415,0.0,0.43503900002431317
9894,0.0,0.4160762152068993
15242,1.0,0.6153368879898159
8485,1.0,0.7559653705573879
11982,0.0,0.20419459165583664
28370,1.0,0.6289656836608829
17047,0.0,0.24838693982154683
24941,1.0,0.8338565081314406
28936,0.0,0.4788656872418586
9562,0.0,0.37580230120587765
30061,0.0,0.1645115284175835
2718,1.0,0.755824686919759
24681,0.0,0.16466862005822477
16210,0.0,0.14375724550713775
1517,0.0,0.37981722852765015
29475,0.0,0.3807016116875291
32233,1.0,0.8261183500913597
26601,0.0,0.3669308092149241
22457,1.0,0.7895196182377211
30759,1.0,0.754983599711455
27417,0.0,0.1918814315816887
18983,1.0,0.7571337671615029
32085,0.0,0.2462490796406462
13197,1.0,0.6264047649366529
14026,0.0,0.4937299348632137
19719,1.0,0.8202672532335135
30046,0.0,0.22949756650055225
10446,1.0,0.7039423151585573
5907,1.0,0.6176528632568099
1392,0.0,0.1576158631287053
10348,1.0,0.6128910655950475
7957,0.0,0.4579328810517108
19058,1.0,0.6570250922622882
19243,0.0,0.16933490945584262
7770,0.0,0.33594511429040064
15910,0.0,0.135257604122665
30486,1.0,0.6336410047588052
20333,0.0,0.4512994920256426
6816,1.0,0.7609309785347729
26209,0.0,0.19392845321384944
10803,0.0,0.2524858658260095
26411,0.0,0.32913476858092977
31555,0.0,0.24324666181066498
15564,0.0,0.28693136971222705
28764,1.0,0.7770413343401479
14172,0.0,0.36330668422203194
3068,1.0,0.7406468828109327
27164,0.0,0.25493192407783416
20887,0.0,0.1315145995601716
27102,0.0,0.22577182712210989
14534,0.0,0.19812599199914854
9021,0.0,0.09710155245552364
6527,1.0,0.5025826687487897
7615,0.0,0.21459796903214637
11392,0.0,0.2347010051107366
33148,1.0,0.7650651948878897
20910,1.0,0.7222037729409003
20269,0.0,0.2864944728974814
23670,1.0,0.6996187565319287
19946,0.0,0.19615477341793053
29652,1.0,0.7154506154316594
23770,0.0,0.2621778795016094
24340,0.0,0.15790130129202287
18737,0.0,0.1437225251740678
24739,0.0,0.3071953075089111
31072,0.0,0.38180210827266925
32629,1.0,0.5604432383937056
4184,0.0,0.12952264355410634
19028,0.0,0.31808319925941997
12295,0.0,0.3176870073203546
17898,0.0,0.19982189138420217
25160,1.0,0.7781763868567022
13000,0.0,0.382641159241686
8849,0.0,0.20430767084460372
4773,0.0,0.16901400630549168
23867,0.0,0.2881379557685703
25341,0.0,0.20585098350918238
1456,1.0,0.5527939825372291
22152,0.0,0.22073640631208305
6560,0.0,0.20998800996912664
22829,0.0,0.2027966711207953
4745,1.0,0.5647979998920277
22814,0.0,0.1627003466304222
23233,0.0,0.20962991726380345
26370,0.0,0.37873424467948275
12695,1.0,0.7899847629587792
11888,0.0,0.30583843082794204
319,1.0,0.5533697977545351
2510,1.0,0.8498870616433746
5298,0.0,0.17263115948289864
18400,0.0,0.2893187896464528
30849,1.0,0.8000597253467855
31123,0.0,0.3027643027164065
15829,0.0,0.18171925469999115
15578,0.0,0.23584279526881616
4037,1.0,0.6007291846120717
29658,0.0,0.11675254129341091
10171,0.0,0.14781277153966396
1937,0.0,0.23396619924360387
7376,0.0,0.16567633658650024
25243,0.0,0.2754837561160642
9234,0.0,0.25436485229281536
8471,0.0,0.3120605457977522
5367,0.0,0.22576376661802608
5576,0.0,0.21695670377433385
5488,0.0,0.306713938201625
18306,0.0,0.087070112099692
2063,0.0,0.2169674843512533
14205,0.0,0.3433352384788994
16490,0.0,0.3428964135620347
10560,0.0,0.14187715971310352
23064,0.0,0.1704725950146253
32545,0.0,0.12871350001435947
29833,1.0,0.6578842702983018
14200,0.0,0.20925910952977694
29830,1.0,0.78224335144737
21423,1.0,0.8061335180465398
13869,0.0,0.21049276661783875
28259,0.0,0.16629941108398036
9618,1.0,0.628673325550276
18209,1.0,0.7950137809274196
27437,0.0,0.3060531383276837
17129,1.0,0.6631767060829646
8349,0.0,0.22119796792775914
6179,0.0,0.2078097459565721
28842,1.0,0.7414168893261547
26563,0.0,0.33035643140209947
19256,1.0,0.7769481714459836
25579,0.0,0.2375716619331068
27521,0.0,0.23353754659091333
31378,0.0,0.20086875607607182
14870,1.0,0.6171572514432149
11929,0.0,0.19755449578838313
14585,1.0,0.748058412695742
32487,1.0,0.8022277285253682
15593,1.0,0.5750047625023279
13170,1.0,0.5201472641342811
24544,0.0,0.30721655420812444
11613,1.0,0.798497551326072
30221,1.0,0.7179097067791597
28251,0.0,0.29891243036154075
4062,0.0,0.24546156205951727
29018,0.0,0.2460834578403548
26433,0.0,0.27668085393547853
5489,0.0,0.29100249622553886
19459,1.0,0.6013808548337382
6017,0.0,0.25213538216693565
24261,1.0,0.7849156055670855
16705,0.0,0.4473085436602289
16540,1.0,0.7622970328855065
7508,0.0,0.18192861714761382
32650,0.0,0.25830078798998374
21381,1.0,0.7834696127039962
9487,1.0,0.8282101424198122
9040,1.0,0.533099303251823
12854,0.0,0.2367635701513824
32495,1.0,0.5124641181773741
1622,1.0,0.6207193633838386
15660,1.0,0.7969707600020963
4052,0.0,0.22002745433539098
23279,0.0,0.4943532731631347
20286,0.0,0.43518193467534594
13832,1.0,0.7034709284538709
8066,0.0,0.31689619187812423
31585,0.0,0.2532501602364199
1249,0.0,0.15291900996131358
10843,0.0,0.2272250228197525
9706,0.0,0.1951655290694845
14601,1.0,0.8366201679944585
5823,0.0,0.24287175999972083
1148,0.0,0.2874924898230141
31284,0.0,0.23848423050884193
21383,0.0,0.3509044440732508
32156,1.0,0.6062167954556154
14110,0.0,0.29980350816005313
20035,1.0,0.7964091001585821
20872,0.0,0.30950220726581973
14568,1.0,0.7963007229395045
12115,0.0,0.2743278522639621
26440,0.0,0.23856960566475674
28319,0.0,0.1358072260502046
11654,0.0,0.45361637970552965
22964,0.0,0.2714514273074127
6834,0.0,0.30878397976868216
15305,1.0,0.6684247630430512
14669,1.0,0.7974283156049812
15978,0.0,0.1797779789242998
32027,1.0,0.6287256391998285
4806,0.0,0.17033396225228434
23700,0.0,0.2323695607125778
5956,0.0,0.10314109099656442
2441,0.0,0.19156549473761483
20068,0.0,0.3608231961113681
18369,1.0,0.7472156405989311
28121,1.0,0.8114871664029643
15061,0.0,0.23816294068717325
7443,0.0,0.23692059018500206
14456,1.0,0.8209834808161189
1864,0.0,0.16681454943867954
23766,0.0,0.284452047385678
13051,0.0,0.3060040004603066
25644,0.0,0.23831189450440038
16941,1.0,0.6046863167768715
30388,0.0,0.2628564980811781
5861,0.0,0.19791360087506948
9840,0.0,0.3160043734213952
16203,0.0,0.3139816092782922
23986,1.0,0.7960259163480766
6889,0.0,0.129698699320486
3658,0.0,0.25953923517814537
4004,0.0,0.2160610858968429
14620,0.0,0.209416033575793
18979,0.0,0.23229204963863065
25101,1.0,0.7243566457391415
10873,0.0,0.1677552421611071
24570,0.0,0.16578277802674318
25051,1.0,0.7607756375275371
22366,0.0,0.36676201039629547
11762,0.0,0.3848359945060208
9993,0.0,0.30957742613553235
31464,0.0,0.18000784663305272
5040,0.0,0.4790463408732226
976,0.0,0.31686597386098
30784,0.0,0.18054579543847896
31557,1.0,0.6469451721742621
22982,0.0,0.14242819873593884
29300,0.0,0.139918772648727
5932,0.0,0.2720535554438211
31852,1.0,0.5740825965192593
20833,0.0,0.2583372181717177
9501,0.0,0.21505628798948223
9707,1.0,0.796100356890261
20756,0.0,0.33402009838899455
11541,0.0,0.2618670083600885
28084,0.0,0.19642094360349557
9726,0.0,0.49332908443330586
31483,0.0,0.20862617707725462
17440,0.0,0.46763420667867206
30836,1.0,0.6839087974968341
139,0.0,0.20927639132003795
2606,1.0,0.5980292454735278
14158,1.0,0.543353419207925
13100,0.0,0.3666072331516556
30502,0.0,0.21926990561330195
24245,0.0,0.13140708868491768
28562,0.0,0.19210103592580638
12735,0.0,0.342924710207784
4114,0.0,0.3074335795751485
30367,1.0,0.5274501246962505
5412,0.0,0.45195002237963144
27834,0.0,0.1551703331909453
4709,0.0,0.27439380231790145
23880,1.0,0.6293680714402377
18607,0.0,0.42127367353948714
15527,0.0,0.20938085146371038
13748,0.0,0.24073152970284117
24331,1.0,0.7628758701493158
10636,0.0,0.24606508373830493
12488,1.0,0.7468804551420337
16660,0.0,0.16088319678111865
2892,0.0,0.2813069961334973
6332,0.0,0.34185719649951857
6504,1.0,0.7217962366852981
19043,0.0,0.4815544817992338
22715,0.0,0.3342597887189865
27606,0.0,0.24300414293764333
33052,0.0,0.18953111267132222
6793,0.0,0.3584250816798365
16595,1.0,0.793523241649805
18261,0.0,0.17270629646985328
27307,0.0,0.1792331317209336
25699,1.0,0.688348933851701
11707,1.0,0.6125064757310362
21613,1.0,0.7219733621657748
32057,0.0,0.4493600800387228
115,0.0,0.15127039620773003
6823,0.0,0.23777339310928625
14353,0.0,0.38893038992820644
26805,1.0,0.7406328483060465
15635,1.0,0.6844016504614033
26417,0.0,0.16108605031694284
3848,0.0,0.4740386626943353
17211,1.0,0.7968922047829211
13103,0.0,0.2807883360556909
5243,1.0,0.7152519130920305
2107,1.0,0.5342578068791994
30974,0.0,0.3283780622334145
2998,0.0,0.2707871556182521
22975,1.0,0.6034731053511931
27239,1.0,0.8705521118395971
18463,1.0,0.7228978804256256
21490,1.0,0.7950227520248861
30657,0.0,0.43322132733335955
32075,1.0,0.8053025381000676
31141,0.0,0.27700682998224657
2340,0.0,0.21734778353432593
21188,0.0,0.36582828167881415
24156,1.0,0.6944350453499021
32584,0.0,0.2862883738070537
6515,1.0,0.8149961483049311
14292,0.0,0.21326728892265984
16125,0.0,0.20218944604488548
25802,1.0,0.5862691327563772
19385,1.0,0.7921947991530981
27304,0.0,0.4164742172476325
3697,1.0,0.7835671774586275
11800,0.0,0.4250949106895467
180,0.0,0.2679847105720211
7733,1.0,0.8080975647051609
6935,0.0,0.4380044766103683
4082,0.0,0.2203060790641148
31959,0.0,0.10874359257719926
25113,1.0,0.776687702231077
14329,0.0,0.4671313667513737
15570,0.0,0.21508233891194503
32516,1.0,0.8094165239428551
2535,0.0,0.16278830242249145
16014,0.0,0.15894904967345616
24251,0.0,0.12162744300810825
31019,1.0,0.7370345250298398
21012,1.0,0.5564640164670429
22140,0.0,0.3313171115228664
21462,1.0,0.7499803064858118
20786,1.0,0.623122935859381
32404,0.0,0.3509924170576045
16084,1.0,0.7620379548095548
20103,1.0,0.5867203290079146
22525,0.0,0.30307281736192115
13230,1.0,0.5693844613988412
29502,0.0,0.14531482210562952
11646,0.0,0.21947618632819677
6058,0.0,0.2487912873135624
30892,0.0,0.20276705474377432
31017,0.0,0.49863085427569837
23803,0.0,0.49649131751229447
6831,1.0,0.7282319343835152
20380,1.0,0.8046675827543278
15629,0.0,0.15021049232228095
17342,0.0,0.17760231919357408
22359,1.0,0.5006476018753699
27610,0.0,0.2931534446099692
26769,1.0,0.6569375931056282
3979,0.0,0.24891151115987564
25171,0.0,0.16435158052478704
23379,1.0,0.5047106851448565
18138,0.0,0.2383269804799476
31687,0.0,0.13433401188459565
23739,0.0,0.31687338682627075
8392,1.0,0.7454944507496057
6427,0.0,0.37034443491309593
27813,0.0,0.17758423291438913
20687,0.0,0.2817751816040047
22527,1.0,0.7539504075244489
33343,1.0,0.8555063263394702
818,0.0,0.1856334923899795
31669,1.0,0.792410548664656
10952,0.0,0.3428085105889085
16331,0.0,0.1304373608243665
32029,0.0,0.23047141664693624
21152,0.0,0.2742770858072933
23488,0.0,0.245044470188999
11945,1.0,0.7867986130141928
1670,0.0,0.407258412058674
16104,0.0,0.24737184571411955
4158,0.0,0.30574706962199805
29781,0.0,0.16654476397763374
6720,1.0,0.8373701392527028
14369,0.0,0.45469078722182815
20235,0.0,0.2565275767015911
3617,0.0,0.3786523426549242
30756,1.0,0.7950225677039237
22625,1.0,0.795748110083453
22057,1.0,0.79197480173123
20635,1.0,0.7783830053993656
1588,0.0,0.3365141057223751
234,0.0,0.20500340853085108
18752,1.0,0.615666764805662
18128,0.0,0.24711806198600608
18260,0.0,0.3505590158118946
19332,0.0,0.21644005411242762
9564,0.0,0.23724265301338762
5685,0.0,0.18270738853223067
18063,0.0,0.4623925425246042
27124,0.0,0.267112904687713
3395,1.0,0.5463279847084802
22310,0.0,0.1740228351621522
15977,0.0,0.33525628061658397
4917,0.0,0.23815189492819067
19102,0.0,0.32178780657940886
23275,1.0,0.6477194516966562
13157,1.0,0.5556677195806586
13269,0.0,0.17487480030143818
29977,1.0,0.7963388842286611
20571,0.0,0.1352078551459781
23883,1.0,0.5758992140950204
33033,1.0,0.5984854388487356
10579,1.0,0.7074288365559278
5258,1.0,0.7689272040881648
853,0.0,0.24241684252181656
27245,1.0,0.7294305582972035
30670,1.0,0.5701124862428556
22497,0.0,0.216798372679175
3218,0.0,0.1904265785501517
464,0.0,0.15817289090999503
15770,0.0,0.11181219970983557
18264,0.0,0.17512702595928067
32066,1.0,0.8682920081565964
11386,1.0,0.5063648568642617
17502,0.0,0.33079841232394985
32273,1.0,0.7984886608564166
27543,0.0,0.20783415140057557
16317,1.0,0.7283824804346202
2852,0.0,0.193791125925927
5056,0.0,0.3814082759514676
17504,1.0,0.5182556575233633
24585,1.0,0.8009299755957962
11734,0.0,0.26989702628087875
16675,0.0,0.16948147016999374
23344,1.0,0.5635963986950006
21786,0.0,0.18763515633027356
31079,1.0,0.7832752385896936
33251,0.0,0.16800002993023533
7805,0.0,0.14172054762270944
8911,1.0,0.6089990340850514
7315,1.0,0.5117732061777075
28132,1.0,0.7064832938292426
8367,0.0,0.32239447680442446
27909,0.0,0.27243946232994043
32320,0.0,0.20537648575420314
15441,0.0,0.28986459707142714
25999,1.0,0.7372874513015923
20169,0.0,0.4150666772313237
11682,1.0,0.577936440043022
26581,0.0,0.4697922691999093
14832,1.0,0.7273587259646859
18023,0.0,0.31447883319639097
18963,0.0,0.15467163768699982
9105,1.0,0.6183156612903384
18344,1.0,0.8124925059105721
576,0.0,0.2102461558501981
2656,0.0,0.3078466320282343
16881,1.0,0.5002364033539549
30245,1.0,0.7789954540840093
9630,0.0,0.20133288263448507
3580,0.0,0.19755449578838313
14773,0.0,0.27278616816993173
31238,0.0,0.22752893975062627
1633,0.0,0.11838625804968782
1995,1.0,0.7432243106185186
30587,0.0,0.48118973153710215
32369,0.0,0.3073671540686067
3722,1.0,0.7323861143108537
10721,0.0,0.2793600204693644
407,0.0,0.15336547843495216
31098,0.0,0.15823315442170965
4053,0.0,0.18873479269430157
13782,0.0,0.3363578472774072
20767,0.0,0.3447803642704928
20113,0.0,0.2006103939451161
4674,1.0,0.692131555288006
2444,1.0,0.629088412506411
19966,0.0,0.19707278144273682
26367,0.0,0.3824630737634124
19508,0.0,0.19456984251434253
13006,0.0,0.33291665016500277
7563,0.0,0.14417714559008843
25993,0.0,0.13858763990163328
18013,1.0,0.5586585624183192
27699,0.0,0.23024198561067816
3003,0.0,0.1815730783718885
6620,0.0,0.23817515212163332
4364,0.0,0.12291072081163301
2296,0.0,0.13039189498617962
17958,1.0,0.5542160703681949
9740,0.0,0.1895499066849777
1304,0.0,0.2558750894945179
28735,0.0,0.1544317525950435
32212,0.0,0.415306334230853
14053,1.0,0.6902209734942624
22641,0.0,0.30182692897500774
17900,1.0,0.7676008484517116
31333,1.0,0.5227257152190052
501,1.0,0.7203006378749386
18104,0.0,0.3515501419893776
6092,0.0,0.3046108166768054
17249,0.0,0.30971428596854367
1227,1.0,0.587077834182163
23515,0.0,0.22705276275426353
16309,0.0,0.33087809258344913
5368,1.0,0.7470386954418886
27693,0.0,0.18562911277774582
2582,0.0,0.17359511810407915
12096,1.0,0.6383881340464598
17526,0.0,0.1805985517140526
23647,0.0,0.15127827617149997
11440,1.0,0.6270795969047547
7942,0.0,0.27411109979990417
12064,1.0,0.6440855281597011
2170,0.0,0.30907145709723893
15663,1.0,0.7808884528263154
18378,1.0,0.8171302658834391
5943,0.0,0.24290305146606772
8578,0.0,0.29353756456956553
28645,0.0,0.2578719614400745
5101,1.0,0.5874270789352134
14529,0.0,0.259959737585115
26235,1.0,0.5987219415184561
24260,0.0,0.21675263214096085
17549,1.0,0.8275909032435138
17610,0.0,0.2202196902636443
10246,0.0,0.36013880320138064
8990,1.0,0.7167801229757239
20459,1.0,0.7957329908523317
22775,1.0,0.79737174742854
11212,0.0,0.21201063723095578
11963,0.0,0.35371100278259815
14516,1.0,0.8293095304172269
6464,0.0,0.33251575227677327
31981,0.0,0.19929153209197847
19350,0.0,0.18483972739592058
675,1.0,0.6050778761490946
3374,1.0,0.7572479974543006
24495,0.0,0.29433841423400586
8484,0.0,0.17461714276713258
12459,1.0,0.8001672247935584
29414,0.0,0.21786141500815187
10548,0.0,0.15115708340204498
29383,1.0,0.5985759749889582
13373,1.0,0.8168769723467105
21283,0.0,0.34419325612797413
2280,1.0,0.7852045262621614
5624,0.0,0.4524848512067397
6778,1.0,0.7610301165567591
2926,0.0,0.2491893545242324
20431,0.0,0.37982628205883523
29537,0.0,0.1698151297959366
4450,1.0,0.7571602846012161
25833,1.0,0.7812145801003508
33112,0.0,0.14325349401923734
547,0.0,0.18175894465891088
9270,0.0,0.34341000155783313
15566,0.0,0.24965331199208374
30826,0.0,0.21220580438793385
250,0.0,0.4681484078097252
25714,0.0,0.43485896300167454
28267,1.0,0.8342656101546985
4504,1.0,0.7290241910124459
12581,0.0,0.1728286592253727
15483,0.0,0.29474373589434316
2894,0.0,0.3375057521892951
15726,0.0,0.4180091849360975
17117,0.0,0.30040858553577826
14182,1.0,0.7095496501333074
3699,0.0,0.41582385023339846
29624,1.0,0.6435730712780672
16168,0.0,0.2672091033926498
9800,0.0,0.16138276548394603
9544,1.0,0.7969130926561325
1433,1.0,0.557272871253409
27458,0.0,0.4276556559457721
4804,1.0,0.7929542668958335
24376,0.0,0.21761912991720234
31613,0.0,0.21871991840278338
26895,0.0,0.26914413022813155
17085,0.0,0.32535824686630027
22698,1.0,0.8080975647051609
146,1.0,0.5433200749961632
24022,1.0,0.7704558794974744
14658,0.0,0.20788235150524906
21548,0.0,0.1575899962498234
9827,0.0,0.26064549229649986
18544,1.0,0.6552477213135284
28874,0.0,0.24619162313785525
6361,0.0,0.21871829677895463
13089,0.0,0.2057211093256809
23426,0.0,0.1449796316783538
22520,1.0,0.7757639895681292
9649,1.0,0.6018149487427937
23255,1.0,0.6034782115421552
24081,1.0,0.6150214947135346
23116,0.0,0.16261135359221118
27338,1.0,0.8299095891583083
14873,0.0,0.2622148735873956
11886,0.0,0.4807864225605083
9207,0.0,0.1778118990051802
3291,0.0,0.1827821629563795
5002,0.0,0.35081170587584604
6768,1.0,0.7612095503885766
6281,0.0,0.24721960967193216
11155,0.0,0.23258290916734306
14342,0.0,0.3197245320491175
10394,0.0,0.24603036973826053
14014,0.0,0.12433406150242605
28671,0.0,0.2353236709027723
5109,0.0,0.13362692054115619
31775,0.0,0.20797542290495394
17944,0.0,0.13538450212373399
7499,0.0,0.21672834300672394
13124,1.0,0.7138954683364308
22808,1.0,0.7789622773185165
29695,1.0,0.6443395396756345
6167,1.0,0.5770593188872684
137,0.0,0.2178857128690704
19494,0.0,0.21844284630092953
33277,1.0,0.7537524409555008
3760,0.0,0.3123349914906367
6837,1.0,0.6927048346163399
27220,0.0,0.25682387214772073
26985,1.0,0.5207585793990216
23667,0.0,0.40358153881128117
7793,0.0,0.28225390207756595
11502,1.0,0.8206207779206101
5882,0.0,0.334942421199519
24978,1.0,0.8099862703649977
25866,0.0,0.375296731019692
30020,1.0,0.5635876493434169
5380,0.0,0.26086496502114587
20045,0.0,0.37666039661818546
26651,0.0,0.1551940794961442
14077,0.0,0.15585326104185224
32000,1.0,0.6059694612256038
26694,1.0,0.7286369115832353
167,1.0,0.5558630202807094
28381,0.0,0.18390331030528112
24612,0.0,0.27200800827403315
17481,0.0,0.3553532293118491
28007,1.0,0.6961757959974862
26178,1.0,0.7455345362147728
13467,0.0,0.4088790701433636
5720,1.0,0.7813269323034849
18565,1.0,0.7647412716598521
17018,0.0,0.2505467973889886
13047,0.0,0.2910899440895255
20475,1.0,0.7966492284230914
5150,0.0,0.16333792681443313
31451,1.0,0.8024653595332232
14621,0.0,0.13942105514914585
29123,0.0,0.18989987076426204
13949,1.0,0.7710006056957488
2269,1.0,0.8078765512250997
12814,0.0,0.18568005145214822
5255,1.0,0.7613433277932147
3880,0.0,0.35099691834529734
25297,0.0,0.22415134921134836
27008,1.0,0.8227898565120633
1886,0.0,0.08796881599194915
31129,0.0,0.33082385912378
1123,0.0,0.27932937089547694
9149,0.0,0.2011422766908274
21962,0.0,0.3795435530219833
462,1.0,0.8341013928933946
2677,1.0,0.7458888065350026
18648,0.0,0.1757846017891729
25612,0.0,0.18726091210707752
2784,0.0,0.4512997208726112
33064,1.0,0.7949653801309092
3543,0.0,0.49630709193087924
16419,0.0,0.15800871946798775
31606,1.0,0.664870370894907
5800,0.0,0.20515287929760867
9032,0.0,0.11639113632988074
32908,1.0,0.7356826160876823
31186,0.0,0.21721864942456834
18411,1.0,0.7805788019884843
7636,0.0,0.26855841670397074
25586,0.0,0.27899248495825746
2583,0.0,0.14477374596271894
560,0.0,0.1316115665463812
5514,0.0,0.18845897808229048
3624,0.0,0.16221015896252347
1274,0.0,0.233483629311763
4957,0.0,0.4368521913637082
7424,0.0,0.2679268731777491
12055,0.0,0.4015230525139271
9163,1.0,0.7816156072747042
29171,0.0,0.20630323932572536
16193,0.0,0.2082267073795132
25623,1.0,0.712074357640887
2575,1.0,0.5169674190844965
21353,1.0,0.7458582757303834
9106,0.0,0.30529201442603066
30470,0.0,0.3360042046718286
20437,0.0,0.25148433350336147
18316,1.0,0.7395070480324268
11956,0.0,0.2424059615878358
8713,0.0,0.29173967206885615
12951,0.0,0.3875943752871268
23795,0.0,0.23465178258031535
25933,0.0,0.22106510948599076
14271,0.0,0.30937404117099526
25129,1.0,0.8255473565826453
344,0.0,0.13368770612424238
31672,1.0,0.7621361462541582
6400,0.0,0.23827970035727244
30719,0.0,0.12951834328794354
26660,0.0,0.1547516472414042
14428,1.0,0.8355497247191985
6225,0.0,0.3292672215572631
7773,1.0,0.7757236995970588
7720,0.0,0.26319526098454504
2018,0.0,0.3109279389803148
5485,0.0,0.3168625027999634
23288,0.0,0.2661080278052569
33010,0.0,0.36951299817269784
4819,0.0,0.17407208607472785
3127,0.0,0.23365598535536808
32360,1.0,0.5603768342552959
23133,0.0,0.15369762637695733
28972,1.0,0.7879288742354311
7439,1.0,0.7861534690658522
28333,1.0,0.7428816839318572
25726,0.0,0.29311028304562453
15009,0.0,0.23944188559863783
20205,0.0,0.35214281419455645
31245,0.0,0.18014241664635514
10810,1.0,0.6746893776819743
1172,1.0,0.6888517589005408
10809,0.0,0.33105274259532746
16944,1.0,0.6308561396297293
12829,0.0,0.3763073429817629
24246,0.0,0.21499897743609725
33108,0.0,0.27377951077677104
5484,0.0,0.32478588791898394
20725,0.0,0.3042709631143725
19501,1.0,0.7527841444390687
19468,0.0,0.29938143198822437
1097,1.0,0.5492210709012021
31984,0.0,0.2062753696234884
172,0.0,0.22002745433539098
4899,0.0,0.2110203338223548
19171,0.0,0.20512446840717571
21296,0.0,0.3537694849898763
14156,0.0,0.2893825521432384
31565,0.0,0.22721191661515827
21308,1.0,0.7606631545001098
691,0.0,0.20160991724408542
15225,0.0,0.1347148559209366
852,0.0,0.26565979415235474
3413,1.0,0.6398688860922517
33234,0.0,0.3334739271745446
13314,1.0,0.8020878630278603
30921,0.0,0.160716987237983
17072,0.0,0.28260678258083066
31230,1.0,0.7944452161653538
6689,0.0,0.36643202726495183
19117,0.0,0.12592454199087652
32259,0.0,0.38536121806567913
15640,1.0,0.628018084531354
16690,0.0,0.13211023211655074
10928,1.0,0.7401691947567515
10640,0.0,0.16177159934395888
14904,0.0,0.3938161851961867
5160,0.0,0.22299394931944785
8239,1.0,0.7351299023337913
11912,0.0,0.2758888718675464
23554,0.0,0.23473117163815316
17221,1.0,0.81450682546147
25072,0.0,0.2289507581934493
19240,0.0,0.3118476858688451
12151,0.0,0.23201844315204828
26963,0.0,0.10588633266247055
2889,0.0,0.38605959136328744
19260,0.0,0.2312095521644343
7626,1.0,0.8319790210195182
31896,0.0,0.2857670355351284
17673,0.0,0.21234509957757872
12645,1.0,0.7920823751825878
13726,0.0,0.4873495980155489
14240,1.0,0.8047247246376579
5113,0.0,0.37140416536333987
32646,1.0,0.8434330976084107
30645,0.0,0.22681017392783467
14500,1.0,0.6470573191599385
16525,0.0,0.1552531053447148
20663,0.0,0.3970419334388196
8897,1.0,0.7730619931253873
10049,0.0,0.13946641806395588
13543,0.0,0.266279825273743
1250,0.0,0.2076056426670614
16345,0.0,0.3801553319088772
3673,0.0,0.20342851397776482
17165,1.0,0.8405905865088159
8587,0.0,0.18961577728935144
7903,0.0,0.20662356245333025
28390,1.0,0.8090843394746565
18101,0.0,0.3231575761363804
3408,1.0,0.5262396018381469
3619,0.0,0.170451950444052
9335,0.0,0.2951408784841577
31337,1.0,0.5791725167582473
18903,1.0,0.6452048137141925
1406,0.0,0.27666422219948167
31133,1.0,0.7851964305984969
30475,0.0,0.39811611210033804
11339,0.0,0.12449452431231432
10455,1.0,0.5616069568790587
22881,0.0,0.23565606964244507
29667,1.0,0.5517714440695888
16517,0.0,0.3099578599551519
15094,0.0,0.1573421788267104
2682,0.0,0.3639294735685576
7679,1.0,0.8182602339815945
2954,0.0,0.20681180516392753
12709,1.0,0.7646927537131643
24845,1.0,0.5426007787963818
6829,1.0,0.7519203599425397
12810,0.0,0.23919488796021188
20607,0.0,0.30741430825348287
10429,0.0,0.2648772064956779
18781,0.0,0.36255093496144064
21189,0.0,0.2256244534622738
19996,1.0,0.5765637525861848
24837,0.0,0.2922367245546214
4955,0.0,0.19792008652909804
32766,0.0,0.21807168308116645
6209,1.0,0.7954738504079993
24293,1.0,0.8395460612199429
28090,0.0,0.20154946536589166
11842,0.0,0.35200994335778013
13211,1.0,0.5883109388643585
26309,0.0,0.4118140341901836
4832,1.0,0.5173373295909225
23885,0.0,0.21782462454243107
27278,0.0,0.1582704737155555
32853,0.0,0.1256335656666793
3264,0.0,0.1919227268972317
9997,0.0,0.23310091517327
21496,0.0,0.17997995592597807
20570,1.0,0.795597041608116
11907,0.0,0.15955925693038317
28629,1.0,0.5280365729262018
31388,0.0,0.2252153636143734
14538,1.0,0.7835294212414746
28,1.0,0.5194472165725013
32099,1.0,0.604466131199024
6356,0.0,0.3787840622784774
16058,0.0,0.2335156963108418
10198,0.0,0.2767450194772703
24993,1.0,0.5393759095617665
28864,1.0,0.6239797854177206
1206,0.0,0.47698354960673955
14412,0.0,0.19613117897969512
19987,0.0,0.24331530262513623
15586,0.0,0.3555278849600256
17424,0.0,0.13885736739425025
19783,0.0,0.23782460375666073
15763,0.0,0.1437775639402373
6433,1.0,0.7827053029873215
7881,0.0,0.20019962716479012
9237,0.0,0.2631582714573347
26656,0.0,0.2407954207993979
14019,1.0,0.6091904917844553
27036,0.0,0.2789535033613237
8304,0.0,0.34641558205383866
16458,1.0,0.7960219187826288
16138,0.0,0.3292942076981691
8701,0.0,0.20116371096998317
14281,0.0,0.27524310088560844
1968,0.0,0.21530367870688616
742,0.0,0.16611673889669684
17953,1.0,0.5005601890446814
660,0.0,0.21205029170937004
10829,0.0,0.1951776797302159
14159,1.0,0.5196209221782415
13603,0.0,0.14580301172894455
18232,0.0,0.20193549215541712
14574,1.0,0.7605271863569419
24725,0.0,0.38263119504651427
10737,0.0,0.17357042844688078
15141,0.0,0.2962707297706373
25308,1.0,0.6708938445738
23084,0.0,0.13017594355749806
25465,0.0,0.16616792548021833
12340,0.0,0.21289282224725897
15589,0.0,0.17148439393266451
129,0.0,0.17165279696313573
19641,0.0,0.3853196321861286
8083,0.0,0.21415087268929106
4166,0.0,0.1190919033077016
14586,1.0,0.8124267728716787
21822,0.0,0.14841604813244622
2415,0.0,0.25172410685059426
1382,1.0,0.5515752912579065
30373,0.0,0.20852513410885024
1135,0.0,0.10651164708854856
29230,0.0,0.40093305680831476
16972,1.0,0.5355705670055367
25730,1.0,0.5591425558267153
17021,0.0,0.1135626034637659
19032,0.0,0.18635092696806319
6154,0.0,0.22891258359977812
2744,0.0,0.19507484624975002
621,1.0,0.580582796628084
14035,1.0,0.8083238383590243
13621,1.0,0.6724874610026625
19202,0.0,0.19215605290579238
29010,1.0,0.735908111381231
3606,0.0,0.48535824817744816
22214,0.0,0.1306038640941128
16245,1.0,0.5376070404985879
30639,0.0,0.2932577710415691
28365,0.0,0.2904322159826476
30546,0.0,0.31538184364790545
7792,0.0,0.48738987408278966
12846,1.0,0.7802833820918724
25038,0.0,0.39811611210033804
17919,1.0,0.5794953996507886
6465,0.0,0.21951478315585934
13836,0.0,0.19391592941090097
30399,0.0,0.18150132241827893
27949,1.0,0.5676181531379387
27512,0.0,0.20152891072139764
22507,0.0,0.19150709785642614
656,1.0,0.7241001438921839
23663,1.0,0.7562775550880599
30907,0.0,0.17750361732581943
30023,0.0,0.20931380675629402
22045,0.0,0.3225054868527388
2209,0.0,0.30616038465852347
4838,1.0,0.5227575198500339
28498,0.0,0.2409085813145671
1179,0.0,0.35105726727058895
10682,0.0,0.44136779655631597
20707,0.0,0.28943643607432995
31228,1.0,0.7773322291981727
11642,0.0,0.24072559906862717
14477,1.0,0.7878687580763125
25737,0.0,0.247939447542909
21032,0.0,0.4829861665797482
30770,1.0,0.7713335271595979
28733,0.0,0.23121804755343123
26032,1.0,0.7155604213284568
2421,1.0,0.8119986092187408
6027,0.0,0.29273810387319615
7266,1.0,0.8069708853476406
20956,0.0,0.3228869841388432
26068,0.0,0.2573272686500551
20179,0.0,0.22507489501297662
32956,0.0,0.15243579697827905
12570,1.0,0.7628527334244471
7689,1.0,0.7907281871541639
19653,0.0,0.1380458752256305
8447,0.0,0.29579583764279843
18513,0.0,0.36438136065525784
4066,1.0,0.5838370980786144
613,0.0,0.2191174977847742
12437,0.0,0.3275569910086308
20917,1.0,0.5478047220929915
12505,1.0,0.8128246091111011
22510,1.0,0.8427422707810925
6642,1.0,0.7935924950541593
8562,0.0,0.3296990883141025
13030,0.0,0.274435287576253
33291,0.0,0.369693503167219
10469,1.0,0.7743193191565283
30777,0.0,0.24265238197258815
31756,1.0,0.7466381374395752
3879,0.0,0.15713927007449124
16255,1.0,0.8058503916853802
5050,1.0,0.7018258282844979
4273,1.0,0.5834043450613335
14867,0.0,0.1389113203077956
16180,1.0,0.5651726025008177
8491,0.0,0.14550526238451844
23514,0.0,0.27275849330015584
14398,0.0,0.43287867943724234
11444,0.0,0.42881391779643524
22303,0.0,0.29217668416591824
7391,0.0,0.25410501798867985
9195,1.0,0.7788361123852432
7519,0.0,0.35064169855134464
15307,0.0,0.4772300777050792
24683,1.0,0.5598740066723428
27067,1.0,0.8073554710475258
11327,0.0,0.2352699822207328
2529,1.0,0.5322236839509071
31349,0.0,0.14555658649515665
30739,0.0,0.18894499805868173
32141,0.0,0.18185191369925607
7759,0.0,0.48456326964076163
16286,0.0,0.4791025065761279
5381,1.0,0.629116981055975
16782,1.0,0.5260740711485087
8122,0.0,0.2615846829304253
4370,1.0,0.6928441092954796
13883,0.0,0.21613435295507796
21673,0.0,0.2801420720985538
24268,0.0,0.17540967058042764
17200,0.0,0.3399092784640929
31533,0.0,0.2168622611256477
23172,0.0,0.1914813027253418
1647,0.0,0.253166892765967
1276,0.0,0.2445229290322283
19942,1.0,0.6284569079804778
26888,1.0,0.7048864389053597
11667,0.0,0.39613357768410123
3890,0.0,0.11020582048366072
17267,1.0,0.6472675028128223
4934,0.0,0.17296707438005918
2752,1.0,0.8000413308868147
6413,1.0,0.5284814797651564
5817,0.0,0.13784305363047533
27952,1.0,0.7293001589424041
6402,0.0,0.4150666772313237
2358,1.0,0.6712128317320701
7645,1.0,0.8059640666939201
15411,0.0,0.250474095276747
32727,1.0,0.7971709417168401
32693,0.0,0.21245959490972702
471,0.0,0.23919564388237355
16922,0.0,0.25549166188417083
31991,0.0,0.18862191296889233
16212,1.0,0.8086344517331807
22477,1.0,0.7964646885052532
11514,0.0,0.27251679627346365
28290,0.0,0.18940636090819216
11473,0.0,0.2941257080214676
28584,0.0,0.15510759719791378
9209,0.0,0.3015355850694972
28252,1.0,0.8021533173957923
30158,0.0,0.18447419627359396
18492,1.0,0.6545601850606492
18940,0.0,0.3509924170576045
30512,1.0,0.6347635888909396
19654,1.0,0.6892948103503603
16577,0.0,0.2281546386304116
17836,1.0,0.6971668936663277
29074,0.0,0.26831641260939165
25155,1.0,0.7620496314083226
31796,0.0,0.33042592224493783
30965,0.0,0.24873798419185714
7212,0.0,0.3701536171419157
20419,1.0,0.7612244100079036
27143,0.0,0.3943410361693559
33134,0.0,0.42377074891447336
21657,1.0,0.7310015283424796
14255,1.0,0.5675636247438909
11728,0.0,0.20472156965324634
915,0.0,0.17839584292780075
7987,1.0,0.5804024892504278
25241,0.0,0.20418700094048728
18483,0.0,0.28569287790190023
7032,0.0,0.21799803135434628
31668,0.0,0.42294879709518307
22870,0.0,0.16991950457462957
13142,0.0,0.20172735035797407
11481,1.0,0.5525305921636271
1679,0.0,0.15078255689583728
15849,0.0,0.2900270711167254
22392,1.0,0.7920638746219681
29223,0.0,0.13649138466338115
5296,0.0,0.2003802066892151
25329,0.0,0.19319791058028865
15164,1.0,0.8067525118267682
5780,0.0,0.23162791452093967
14767,0.0,0.28007277375531076
7926,1.0,0.791672635561238
32606,0.0,0.2849422685174602
30295,1.0,0.8117523254553531
2436,0.0,0.21221340033859815
12407,0.0,0.09880062138737579
5509,0.0,0.1465152958877803
33300,0.0,0.22983366442145392
12374,0.0,0.354142190516783
23562,0.0,0.4933854935350043
27420,1.0,0.804000547032572
15974,0.0,0.2266330880211541
13204,1.0,0.5304153563120404
12453,1.0,0.7619392153507589
21071,0.0,0.38190433604566304
795,0.0,0.42453356390033936
80,0.0,0.18818518710647456
8509,1.0,0.7666325691124795
27199,0.0,0.19344455652315137
4393,0.0,0.23719980118111736
26993,1.0,0.8006752350923372
9753,1.0,0.6769778635794758
17074,0.0,0.21625335712440885
9291,0.0,0.1593775328112054
21210,0.0,0.14836664530725371
6548,0.0,0.17174156121420223
5601,1.0,0.7866189332947836
29159,0.0,0.1600156993115833
20909,0.0,0.22409067995305715
13140,0.0,0.27001642726322883
8903,0.0,0.2416348914443299
20079,0.0,0.3925384390239754
24628,0.0,0.3090758282306514
5482,0.0,0.08640568296174495
16050,1.0,0.5800544522892502
18581,1.0,0.6727328210454807
14438,1.0,0.7594037189512712
8031,0.0,0.1568270954903612
32710,0.0,0.19443434246557398
5857,1.0,0.6294518688783964
28799,0.0,0.16101565303607981
19726,0.0,0.23083024163475943
6191,0.0,0.31218390388194356
32521,0.0,0.18783912973922834
29176,0.0,0.20418669824400085
28278,0.0,0.24990534931038547
2625,0.0,0.22303989757074924
15587,0.0,0.4019480074888957
14741,0.0,0.2105116372740082
19210,0.0,0.2975785716224061
21015,1.0,0.5312422420379802
2010,0.0,0.14856745986803016
8942,0.0,0.43056502834702653
9586,0.0,0.28034815874109137
6444,0.0,0.18947288893878844
1604,0.0,0.1806490289237377
24158,1.0,0.8007454464904009
24017,1.0,0.6259050020321119
24362,0.0,0.28399236180619114
29969,0.0,0.15309023559154514
16831,1.0,0.6182723518341544
28518,0.0,0.19580977544769207
21039,0.0,0.2445582327635648
1776,0.0,0.18685860618168054
1678,0.0,0.18669215903023295
11188,1.0,0.5439851170193255
5346,0.0,0.19562498351719776
25867,0.0,0.3549703702028577
8335,0.0,0.1562690562486143
29417,0.0,0.23155944141008392
28383,0.0,0.44658173085994446
31485,0.0,0.23931152626310928
11330,0.0,0.34446789479133066
13259,0.0,0.13710747645482144
7539,0.0,0.16617943821778336
18271,1.0,0.8502114832160333
19556,0.0,0.33754444663961636
31232,1.0,0.7921353511323045
1175,0.0,0.21365934652688284
8107,0.0,0.19590652912939416
2768,0.0,0.23878572841556248
26448,0.0,0.37535000244213734
22700,1.0,0.7684797939972486
10287,0.0,0.17821682820112147
21246,0.0,0.3582052742279832
9098,0.0,0.29846682107169475
17952,1.0,0.6493073457517776
3889,0.0,0.29570219984782287
268,0.0,0.09135335060772017
27376,0.0,0.27615427939521525
22042,1.0,0.5838370980786144
32395,0.0,0.23910745254603047
16955,0.0,0.21437216497489245
15027,0.0,0.22945097765976144
27771,0.0,0.4394517449137813
25918,0.0,0.2293491252667189
28694,0.0,0.2896391221658456
10523,1.0,0.7351321906291404
12163,1.0,0.5439639195924303
10279,1.0,0.6360058682483135
20918,0.0,0.381787100750673
22940,0.0,0.23037248038464964
11283,0.0,0.22480122677064887
15682,0.0,0.41103546304893795
29890,0.0,0.2914204010725856
24998,0.0,0.2981026532774138
15853,0.0,0.2722350331284351
14581,0.0,0.1595999701133032
27390,0.0,0.3068163869348223
21976,0.0,0.1884006103795726
28808,0.0,0.21688484050277057
14285,0.0,0.2973835565124147
7784,0.0,0.2358644900258113
15973,1.0,0.7617972641150657
24155,1.0,0.7660436828669088
24815,0.0,0.21572780052486518
21023,0.0,0.4346707641644128
27787,0.0,0.1451328893003719
24378,1.0,0.6167038903643656
7346,0.0,0.2456205157451931
25958,0.0,0.1828755352269104
32635,1.0,0.683310669920976
1985,1.0,0.7780149098836623
288,0.0,0.321988584058285
27281,0.0,0.16368806754431223
7953,1.0,0.8427317820280582
366,1.0,0.7143639094467147
27108,1.0,0.6153368879898159
9514,0.0,0.19916485295121952
17386,0.0,0.392815616046046
4889,0.0,0.3685925949596359
22974,1.0,0.5035859877480717
28176,0.0,0.1895019381148112
17224,0.0,0.30360745767811764
32636,1.0,0.7955363704628149
21511,0.0,0.10267211474794653
25408,1.0,0.820123471082224
10308,0.0,0.32150359362628156
6509,1.0,0.7611430923217801
12676,0.0,0.15091803830030698
22320,0.0,0.19597409947222436
19403,1.0,0.7880542598803548
25679,0.0,0.14836361573593956
25097,1.0,0.7000729431882426
30538,0.0,0.33183557838440814
29321,0.0,0.15224538947681876
5083,0.0,0.22267417721564386
17194,0.0,0.30536891261457444
25371,0.0,0.1702891708348324
25629,0.0,0.13649116819882634
2790,1.0,0.8170004222983407
31615,0.0,0.20938919309039425
9134,1.0,0.8120060665379362
23968,1.0,0.5836711499516388
24908,1.0,0.7902599284052709
22712,0.0,0.318865870039575
11063,1.0,0.5493354271717391
16129,1.0,0.6378284203841834
25292,0.0,0.2732846029639665
11796,1.0,0.6974745069355079
31234,0.0,0.4929710705097655
4581,0.0,0.35773187588806016
17703,0.0,0.2409379527855711
30036,0.0,0.49887230199752763
9837,0.0,0.4082911608330846
2715,0.0,0.4454383778689656
22652,0.0,0.36079729770852326
15158,0.0,0.22228685550218452
830,0.0,0.18509121915993912
24660,0.0,0.22434175561517009
2915,1.0,0.5165510484935194
18322,1.0,0.6670833702914163
23189,0.0,0.1691606144528801
25544,0.0,0.31153934922912385
15534,0.0,0.42557194011813043
12312,1.0,0.813075414131716
7789,0.0,0.4790339565299799
6335,0.0,0.05947847369854631
17675,0.0,0.18399447386274775
7156,1.0,0.5661365922306867
14816,0.0,0.31512387755305243
31402,1.0,0.6322780077169928
12759,0.0,0.29050065595433716
18706,0.0,0.36955641179109305
5266,0.0,0.3852701716255389
27308,1.0,0.6201409932689415
6721,1.0,0.8043891074607855
667,0.0,0.21584829486301596
3027,0.0,0.20283328550787366
8735,0.0,0.40761935290744716
24238,1.0,0.7128147678219157
28911,0.0,0.1232075085998174
18575,0.0,0.4447616386229732
15098,0.0,0.2132868410694353
33308,1.0,0.8073460445910021
185,0.0,0.19197035266151075
25603,1.0,0.5516439191940465
27386,0.0,0.28420024061191673
28630,0.0,0.18375869741591766
32243,0.0,0.1944586286394625
3635,0.0,0.4762801983391335
30957,1.0,0.5061611300074009
2326,1.0,0.5195049426011163
17950,1.0,0.6731738490289726
32910,1.0,0.7983264241306695
32353,0.0,0.4028017379912186
13462,1.0,0.8053422370627537
28937,0.0,0.21291412494697962
29276,1.0,0.8038609728637509
16082,0.0,0.23863401132773862
515,0.0,0.23776455463767865
31826,0.0,0.21977124858287034
14515,0.0,0.40116200140253816
26722,1.0,0.8282796096758233
2937,0.0,0.12125150451804861
30103,0.0,0.22697675190874034
25100,0.0,0.09529838313925511
13397,0.0,0.17226970392650343
8413,1.0,0.7097614622632605
11413,1.0,0.7185555841822011
9556,0.0,0.38129346781913065
28061,1.0,0.7917916731249964
32374,0.0,0.223837224201608
16251,1.0,0.7952349882297685
23674,1.0,0.8065952721544284
16689,0.0,0.22010844125151938
8042,0.0,0.20788714842185635
9055,1.0,0.7550293974653922
12674,0.0,0.22704011340813093
16328,0.0,0.3089249893150516
22099,0.0,0.22731826253032655
6314,1.0,0.570107397611792
4579,0.0,0.3235483808020927
11640,1.0,0.7282921566686411
5126,0.0,0.1903132110103439
11401,0.0,0.2924377838270183
5841,0.0,0.17012705357365207
1838,1.0,0.8188190608443721
6398,0.0,0.2834941174673665
18267,0.0,0.3720719048449479
22591,1.0,0.803436206381408
12996,1.0,0.6200790496996422
8514,0.0,0.23166419357665305
3862,0.0,0.20172735035797407
29762,0.0,0.2890990835331587
32795,1.0,0.8344591504257286
9918,0.0,0.2897022773119528
10162,0.0,0.22102668876963158
18847,0.0,0.4755666295984094
26138,0.0,0.35699354935848393
30294,0.0,0.21107840365823968
31629,0.0,0.208168597155794
32019,1.0,0.6622883082298255
29341,0.0,0.2978899897514469
31465,0.0,0.21100755834114757
19158,1.0,0.6112090347135437
26354,0.0,0.18774659278940029
2936,0.0,0.2919897859798162
24820,0.0,0.34864806857188685
29326,1.0,0.8019917998418244
32022,0.0,0.13719966558590127
10478,1.0,0.6996825128137086
24800,1.0,0.6030305499876734
29243,0.0,0.2842492076240125
22835,0.0,0.48276626853999055
6615,1.0,0.7633521693263515
32152,0.0,0.2663376984796398
7281,0.0,0.3277645703647418
7314,0.0,0.4267594069745017
5479,1.0,0.6618966808407254
28427,0.0,0.18671347702695368
18166,0.0,0.27113957472811123
18384,1.0,0.6726696474586826
23628,1.0,0.5840813249103979
18665,1.0,0.7202597385698108
20691,1.0,0.7609483965267594
10260,1.0,0.7846484717089145
4586,1.0,0.8208399633086174
610,0.0,0.1818691405064792
17389,0.0,0.34635668576762213
12558,1.0,0.715212805060957
16395,0.0,0.19022533083246723
11770,0.0,0.2559993109652999
27991,1.0,0.5677653452017843
27425,0.0,0.3440139826784684
25585,1.0,0.7947296540625526
20758,0.0,0.1448042448467111
4791,0.0,0.47116468710850284
18816,1.0,0.8110353447765221
31466,0.0,0.49699497902941703
12500,0.0,0.2583257930229805
1928,1.0,0.8154652600499575
15385,0.0,0.3985788727969759
14264,0.0,0.19372710955499892
29541,0.0,0.1605184090471129
8426,0.0,0.23692882234231324
11148,0.0,0.4546886165411022
22661,0.0,0.18339272737236478
19550,1.0,0.7765142585972157
15384,1.0,0.7916957599041359
1443,0.0,0.23918496883374465
14491,0.0,0.16268125294987637
3275,0.0,0.15246630662870123
5265,0.0,0.32385591828721866
15865,0.0,0.405669782024539
8539,0.0,0.18632776849176957
25995,0.0,0.2757018101328883
12288,0.0,0.36544804184857016
25411,0.0,0.31388276793007547
12189,1.0,0.7751486219573692
27933,0.0,0.13545799616129345
11273,0.0,0.1924762797415462
30859,0.0,0.1815262923020775
15521,0.0,0.18955661506156876
25054,1.0,0.7764574233835188
11506,0.0,0.48659582778591215
5934,0.0,0.2496794506069633
3689,0.0,0.3408826576328108
27337,1.0,0.6658682619840661
15911,0.0,0.42825853046742796
32996,0.0,0.28111046697183734
10663,0.0,0.14091989437096397
18356,1.0,0.6629956560431169
6865,0.0,0.30019032372628707
30679,0.0,0.33278246218804725
7347,0.0,0.30462511741354886
31951,1.0,0.8112231407965277
13009,1.0,0.6165197428589253
6452,0.0,0.22062306064757345
19294,0.0,0.26423728578803235
12946,0.0,0.24302004672918082
8375,1.0,0.5010378766323992
8043,0.0,0.2732328933881597
4063,0.0,0.208972652017002
14821,0.0,0.1010972757687931
16107,1.0,0.5462277771062506
23465,1.0,0.6732089724860706
18698,0.0,0.30682504616657985
24582,0.0,0.2806764960184369
19239,0.0,0.20032367939375362
9664,0.0,0.3461263716685139
17300,1.0,0.7787561701104997
21257,0.0,0.22446629755887595
26856,0.0,0.21469141655767282
29283,0.0,0.15604839202574755
30846,0.0,0.31449553374912065
24670,0.0,0.2057325691373649
11391,0.0,0.2137753288701144
13823,0.0,0.31422411319800353
25931,0.0,0.22192121612309268
14638,0.0,0.20318074770943587
29031,1.0,0.601070985491006
14883,1.0,0.729136987951172
17924,0.0,0.4951747111391327
30951,0.0,0.24337555282380433
9051,1.0,0.7956146694616608
6963,0.0,0.19334743498271087
3559,0.0,0.17101526343274076
9700,0.0,0.23573831094931066
11849,0.0,0.4553305859146978
22737,0.0,0.2611681113294665
6969,0.0,0.33584847267490053
31870,0.0,0.416624257921385
25263,0.0,0.150418754547933
21049,1.0,0.6689687518708505
17307,0.0,0.4112229575115929
19471,0.0,0.2378859021744389
22338,0.0,0.18607339520105612
18519,1.0,0.8276631250007701
8752,1.0,0.5303730214315582
17254,1.0,0.6725937359375631
31441,0.0,0.2993871534188657
13175,0.0,0.2787437424987553
2122,1.0,0.814550232498573
734,0.0,0.17777945434375322
10655,1.0,0.6699257946702274
20900,0.0,0.1972114048748144
25977,1.0,0.8204469274643705
8038,0.0,0.41564652642826355
9275,0.0,0.4328574474043224
26576,0.0,0.31724801643764394
8184,1.0,0.7963525898386744
25181,0.0,0.2716887766047
27059,0.0,0.22480122677064887
17920,0.0,0.23793204054614578
14932,0.0,0.27703238598778995
2491,0.0,0.19822774990834138
22450,1.0,0.7545957927883984
12831,0.0,0.17605490103588398
24057,1.0,0.7924720341777899
27854,0.0,0.2462352248963805
9083,0.0,0.28131848128421233
26670,1.0,0.6288087730198806
5709,0.0,0.1771940054476274
31995,1.0,0.7501074927045878
11845,1.0,0.5310512618008972
14052,0.0,0.23043527543436038
22407,1.0,0.7164466776737592
33353,0.0,0.14658568011984782
32278,1.0,0.7309360502204832
14069,1.0,0.6796694185717586
828,0.0,0.4770457170098551
16574,0.0,0.1663927646486993
6742,1.0,0.7493322251517602
6583,0.0,0.1622242529507444
15159,0.0,0.14768317065390502
16614,0.0,0.26828081754168903
27456,0.0,0.253252465103273
16462,1.0,0.8412185844085532
32105,1.0,0.6770137768182458
22464,1.0,0.805547839952007
20165,1.0,0.6061561340268441
2610,0.0,0.357811464786876
18668,0.0,0.15014983704057033
20361,1.0,0.8192011133620382
1055,0.0,0.25550927383018046
19794,1.0,0.6539021604851329
4810,1.0,0.6185854126575709
16560,1.0,0.728422011999905
5236,1.0,0.7003196330680288
28886,1.0,0.7427102548191208
18338,0.0,0.20001330977315257
25697,1.0,0.5508649628453802
15150,0.0,0.12918852553596258
5005,1.0,0.6000096119930705
8358,0.0,0.16751043229199034
27297,1.0,0.8519915348391832
19413,1.0,0.8093720886023787
5111,1.0,0.6521865662220969
13477,1.0,0.7180593518300706
2120,0.0,0.25170119823124404
28293,0.0,0.27232434898943825
31481,1.0,0.8017026005610769
25635,0.0,0.10895474636017619
14041,0.0,0.17636990502341465
10311,0.0,0.27382758284049963
13925,0.0,0.13634738311140368
2183,1.0,0.8011689120837419
23188,0.0,0.14631247224454355
8982,0.0,0.3440077891092882
20064,0.0,0.15773827597738768
21604,1.0,0.7898849473544489
3991,1.0,0.6166674411219719
3307,0.0,0.22919627276666335
4343,0.0,0.2066030982566745
24642,0.0,0.32556439387967195
12008,0.0,0.17243521734784004
22200,0.0,0.10620520163123207
2789,0.0,0.42578505404507316
22697,1.0,0.8034658501482537
20321,1.0,0.5616555445504777
13470,0.0,0.2312035733003761
31236,1.0,0.778506637013797
32607,1.0,0.7749489354529296
8216,1.0,0.7347513775020118
5320,0.0,0.18976848539369448
30466,0.0,0.2658110221570887
24026,1.0,0.7839580279407804
30013,0.0,0.1781396939684915
22342,0.0,0.48874422757562336
370,0.0,0.3051442109121115
30365,1.0,0.8037001096283192
30316,1.0,0.7996005765810533
28350,1.0,0.5166321609109555
11927,0.0,0.4572506933489433
31708,1.0,0.7931143996949946
25882,0.0,0.4957551355714459
16079,1.0,0.7897199131671933
21788,0.0,0.3437679842421028
2530,1.0,0.6344751838868617
20640,0.0,0.39805126182270134
7148,0.0,0.24290049975464792
20308,1.0,0.7525198544354177
2196,0.0,0.17423067624619284
17225,0.0,0.25723041847665107
28163,0.0,0.3136907955585146
16164,0.0,0.22240710035956135
11460,1.0,0.6500482669846841
2900,0.0,0.2715588750980837
1026,0.0,0.3123203299837333
8049,0.0,0.3427119297570627
12413,0.0,0.2755066149422377
17269,0.0,0.39381900291520894
3885,0.0,0.2026375655371515
5194,0.0,0.08166241227172759
11644,0.0,0.42226238418943945
28377,0.0,0.10659300118171292
25914,1.0,0.8156721910661511
24947,0.0,0.2727544584207
32540,1.0,0.753928811978527
1346,0.0,0.23558181751560195
13220,0.0,0.2843452737417712
19336,0.0,0.16164752641587174
7416,0.0,0.34009534510891426
26996,0.0,0.1099314139531663
26859,0.0,0.29916570860833597
13498,0.0,0.31825235050278994
17659,0.0,0.1906014212503253
25173,0.0,0.14525927633169153
12002,0.0,0.11762029900202522
22468,1.0,0.8117476189731039
25106,0.0,0.37576061560763596
11730,0.0,0.29860748713868257
21871,0.0,0.2341265159876425
19543,0.0,0.376782298607718
4842,0.0,0.28770288286779944
12874,0.0,0.3437500746737593
19725,1.0,0.7526486324170508
27614,0.0,0.13817909502872322
322,0.0,0.1366971541166434
29603,0.0,0.2540848004669494
28292,0.0,0.27905272894621735
423,0.0,0.2481672434045233
22858,0.0,0.23061490956897976
16449,0.0,0.1697638223779868
26195,0.0,0.22747561952715414
29710,1.0,0.7014048188584653
11901,1.0,0.5904812908635936
8170,0.0,0.29751148773886943
31818,1.0,0.7934947766558271
10618,1.0,0.787752890343178
10217,0.0,0.39368514067779314
13819,1.0,0.5539249825177052
13722,0.0,0.2790391163275176
18100,0.0,0.4574792706667954
5029,0.0,0.22303420512766262
31473,0.0,0.23421227941852737
26801,1.0,0.6204229178468497
18912,0.0,0.24168651364084734
27030,0.0,0.19840911195213676
3647,0.0,0.30119967681754306
4222,1.0,0.7301703172779983
25614,1.0,0.7818906013576504
19648,1.0,0.802987818172052
22430,1.0,0.7766874724519698
15851,0.0,0.4455078073723255
301,0.0,0.10929846139711072
18825,0.0,0.1959549094179274
31758,1.0,0.7946778910447171
5898,1.0,0.7364349865710083
17932,0.0,0.06225323846427787
30260,0.0,0.21015270839108385
17669,0.0,0.2560905285653736
14806,0.0,0.2457440464377026
22480,0.0,0.28598791177454347
29259,0.0,0.2252558058000885
22746,0.0,0.3342174642291467
9852,1.0,0.633834266288519
30,0.0,0.39807736662695864
17854,0.0,0.1941649780845146
9205,0.0,0.4952308320792869
17779,1.0,0.8185259641777111
20154,0.0,0.3030319293461148
16828,1.0,0.5375666698074916
7387,0.0,0.14690328889902798
31802,0.0,0.4181613756397809
17188,1.0,0.8064081940980169
7300,0.0,0.15978694309542454
12136,0.0,0.11891412218079571
21899,0.0,0.21086010766944277
10834,0.0,0.41513713545566316
20841,1.0,0.7647166971810652
5962,1.0,0.8085028608870896
7813,0.0,0.2922050637963424
10847,0.0,0.43148694331945775
30109,1.0,0.7743193191565283
3312,0.0,0.18572644914813588
12884,0.0,0.21834142220431174
20514,0.0,0.40582189358696247
8411,0.0,0.22340276152435246
16798,0.0,0.39650458487089296
27389,0.0,0.2453883750260314
32783,0.0,0.2636909422319251
10230,0.0,0.23467285154919584
5980,1.0,0.725045375543723
3672,1.0,0.8174932419569504
29832,1.0,0.7780069361798165
18719,1.0,0.7787348072715126
23024,0.0,0.2526877744708973
29629,1.0,0.8446346325339643
8112,1.0,0.7722947273910253
13953,0.0,0.27002154464901423
17450,1.0,0.8024815338537614
9752,1.0,0.7778461953638309
10167,0.0,0.36689975402695546
181,1.0,0.8501504899093072
1476,0.0,0.297741349082751
16816,0.0,0.2853653494733176
16023,0.0,0.42372990620483825
12059,0.0,0.2518111224895254
28220,0.0,0.19192508729764352
18822,0.0,0.17122823299733397
17720,0.0,0.2283132177547632
13419,0.0,0.31445592917225446
23734,0.0,0.43126777988481957
6610,0.0,0.2627558122806915
18569,0.0,0.20873572714016222
25136,0.0,0.4737443606145495
21469,0.0,0.36128373376528605
19752,0.0,0.22924072218992453
32453,0.0,0.2513613081324219
24625,0.0,0.35310738220490046
32745,0.0,0.0981323784363935
15144,0.0,0.1945619058810494
26541,0.0,0.4472025023637029
14132,0.0,0.2646633025038501
2580,0.0,0.18001739246929283
32229,0.0,0.2738458566340485
11638,0.0,0.2331303716744711
7132,1.0,0.5910687246943589
22168,0.0,0.17332235641942426
29886,0.0,0.45200942607242167
5130,0.0,0.16123568532024
923,0.0,0.18991126950615336
28035,0.0,0.4785271281901508
17153,0.0,0.14664093613972795
30428,1.0,0.5967898898807342
14687,0.0,0.11916655476575196
26621,1.0,0.8170425627613461
19744,0.0,0.30495353487429167
32698,0.0,0.1017749217722469
15049,1.0,0.7228437606897529
32808,1.0,0.8191630405411725
7535,0.0,0.22907137456534077
20622,1.0,0.688783432486205
22863,0.0,0.2578569186032078
21845,0.0,0.22789585605380364
16135,0.0,0.19494854771327513
15095,0.0,0.36828991026700836
29703,0.0,0.3906126055881052
14785,1.0,0.7961496261569365
20150,0.0,0.18836526804083506
19473,0.0,0.443998955656394
26862,0.0,0.20071055765336698
3377,0.0,0.1469605181263842
21166,1.0,0.7239037560833603
24684,0.0,0.3090955518153946
32511,0.0,0.2424151464138128
10587,0.0,0.4541532780037633
23210,0.0,0.14555903518373384
8243,0.0,0.18751855421989513
2046,0.0,0.34608833960796753
875,0.0,0.2426963964692402
437,0.0,0.18521053530892695
9208,1.0,0.8107678526772807
18560,0.0,0.21059441740776388
31361,0.0,0.32039282065230923
3432,1.0,0.7598107562512627
17066,0.0,0.2658235413444381
17993,1.0,0.5280568567192773
4879,1.0,0.5508934819898914
32898,1.0,0.7578117889688152
28680,0.0,0.21732082780663586
10304,0.0,0.3558267787245634
26899,0.0,0.20421966700563648
23403,0.0,0.4850718464912687
21936,0.0,0.3183740069417575
26927,0.0,0.3925693008895594
25713,0.0,0.1782421339870344
23976,0.0,0.4236972207966768
29908,0.0,0.2255806907478081
17426,1.0,0.7273096312916314
9806,0.0,0.30393520258563966
25886,0.0,0.16873724119159417
2736,0.0,0.25400678649140884
26688,0.0,0.19658988137912445
19261,0.0,0.24143571900685928
16728,0.0,0.23422047119179545
8837,1.0,0.5225184288277939
9345,0.0,0.2577213878655278
25696,0.0,0.14937890460084835
33236,0.0,0.1770641198742688
7258,0.0,0.4776796733417704
4274,0.0,0.13689600439152097
18287,0.0,0.255491598522979
25062,0.0,0.2188678028303586
11144,0.0,0.21111861450602057
11404,0.0,0.2626063012364608
13232,0.0,0.21485556257668215
21968,1.0,0.8087110295024373
12142,1.0,0.7509077143372532
30796,0.0,0.360676465441587
23735,1.0,0.829022585069284
26679,0.0,0.2957224163933967
21726,0.0,0.21358969165085454
5171,1.0,0.7636191785129719
3180,0.0,0.1080462754564703
26950,1.0,0.5455178039823901
24234,1.0,0.6179657969783711
32649,1.0,0.8475625786741522
4377,1.0,0.8190089720376368
545,0.0,0.24774231348945844
13114,0.0,0.2201247688269497
22786,1.0,0.6679618162548493
21335,1.0,0.7837034879237263
13292,1.0,0.6417229034778107
25862,0.0,0.1745592793290205
37,1.0,0.7387995115397484
25890,0.0,0.2573424322583609
22037,0.0,0.1701799136749782
29304,0.0,0.30770977848148684
19816,0.0,0.17144643090184167
7012,1.0,0.79495054689252
23338,1.0,0.8006684332760585
30621,1.0,0.6515686973528552
11855,0.0,0.309473173013568
14062,1.0,0.5519154394513442
952,0.0,0.19206449737593792
28695,1.0,0.6714046505145962
25255,0.0,0.22501378803889488
14684,0.0,0.13343451280279262
2599,0.0,0.2879416065922915
27764,1.0,0.6415162902402065
22708,1.0,0.7939340399560365
13605,0.0,0.28047596823948523
3445,0.0,0.17547506132619095
12029,0.0,0.31383516591118116
28494,1.0,0.6304146797172421
26151,0.0,0.14710128674644726
30903,1.0,0.6309104833831582
23078,0.0,0.47768208247675276
3520,0.0,0.4405232573808708
23948,1.0,0.654838241898377
20536,1.0,0.7723598940455382
12472,0.0,0.3329252354879836
12756,0.0,0.2263514480162574
634,0.0,0.3189827281735468
11458,0.0,0.3984034940073384
20348,0.0,0.4284759676452786
21057,1.0,0.5396933350600474
26446,1.0,0.6886461332854207
24170,0.0,0.2312930466126219
16216,0.0,0.23505904636614613
28349,0.0,0.12495168006277727
17295,0.0,0.20670173627739835
33316,0.0,0.3334889896386513
5280,1.0,0.5942709185205594
11201,0.0,0.418770802788494
26483,0.0,0.2651239814062988
10977,0.0,0.13967067134023783
33290,1.0,0.7978859727119914
27216,1.0,0.8583797757689399
7877,0.0,0.13323678039266995
5650,0.0,0.36850439477857483
6590,0.0,0.37961439452957463
13464,1.0,0.7827677673425282
25639,0.0,0.18203709968247828
12406,1.0,0.5465362730724521
32113,0.0,0.26129023233837395
3787,0.0,0.3262030287431829
23606,1.0,0.6638466840709103
7522,1.0,0.5963346013540839
15293,1.0,0.7150951521388845
7564,1.0,0.5848546866486171
19218,0.0,0.24901346706114158
19678,0.0,0.19675784459806994
19499,0.0,0.12809278749418465
13962,0.0,0.1892541305885037
22744,0.0,0.4611145494060309
21887,1.0,0.5630790701240919
28552,1.0,0.6195644488925901
10726,0.0,0.1973797664563804
6294,0.0,0.2526173520599514
13833,1.0,0.8124718243401131
31643,0.0,0.1338930684299514
21500,0.0,0.42492579836726274
33225,0.0,0.23726925924159062
8905,0.0,0.46449739903161635
9772,0.0,0.1156360219047457
27163,0.0,0.1967850380210912
24507,0.0,0.4658669102501966
21339,1.0,0.7857137386463302
1289,1.0,0.5014305019188148
195,0.0,0.22861601965391165
31762,0.0,0.08954310014016632
7873,0.0,0.22054114759075788
12215,0.0,0.2935985423644875
